name,ref_energy,n_mol,polymorph
ABEWAG01,-4519.60997360875,4,ABEWAG
ABEWAG,-4521.208585813674,8,ABEWAG
ABEWAG04,-4518.882843472356,8,ABEWAG
ACEMID01,-5131.673992681433,18,ACEMID
ACEMID06,-5131.607930266278,16,ACEMID
ACEMID07,-5130.0078460017685,8,ACEMID
ACRDIN04,-15459.098825570363,4,ACRDIN
ACRDIN08,-15463.888079898034,12,ACRDIN
ACRDIN07,-15459.191192711169,8,ACRDIN
ACRDIN05,-15457.814715268403,8,ACRDIN
ACRDIN06,-15463.5462309701,8,ACRDIN
ACSALA,-13479.843688875126,4,ACSALA
ACSALA24,-13468.983799558882,8,ACSALA
ACSALA13,-13479.549114622236,4,ACSALA
ACSALA12,-13477.248741685,4,ACSALA
AFORIY,-14025.363999883266,6,AFORIY
AFORIY02,-14026.429050199002,12,AFORIY
AFORIY01,-14018.89223168316,6,AFORIY
ALOCOW14,-12925.1367383757,4,ALOCOW
ALOCOW,-12925.3716079518,4,ALOCOW
ALOCOW04,-12925.667212182065,4,ALOCOW
AMBACO06,-10897.807834407253,4,AMBACO
AMBACO01,-10903.56179131388,8,AMBACO
AMBACO03,-10902.320802932369,8,AMBACO
AMBNAC04,-10899.8235073665,4,AMBNAC
AMBNAC14,-10898.4846158967,2,AMBNAC
AMBNAC09,-10906.565097879213,8,AMBNAC
AMBNAC01,-10908.695909162903,8,AMBNAC
AMNTPY,-9725.8156091313,4,AMNTPY
AMNTPY01,-9723.7694208611,4,AMNTPY
AMNTPY02,-9723.4405671762,4,AMNTPY
AMUBIV04,-25953.226824879875,4,AMUBIV
AMUBIV,-25944.621320975926,2,AMUBIV
AMUBIV02,-25943.822069146277,2,AMUBIV
ANISAC03,-11067.630841935965,8,ANISAC
ANISAC,-11068.004006598325,4,ANISAC
ANISAC04,-11067.090723489,4,ANISAC
ANONEX02,-20436.58753347775,2,ANONEX
ANONEX01,-20435.08754486285,2,ANONEX
ANONEX,-20436.637778523927,2,ANONEX
ARUWUG,-8916.358012393468,16,ARUWUG
ARUWUG01,-8912.827134531788,8,ARUWUG
ARUWUG02,-8915.48979175915,4,ARUWUG
ASETOI03,-30851.36372134205,4,ASETOI
ASETOI,-30848.2136298547,4,ASETOI
ASETOI02,-30850.46895973454,4,ASETOI
ASIHIV03,-16350.245953501411,4,ASIHIV
ASIHIV01,-16350.4912335678,4,ASIHIV
ASIHIV,-16353.111355624123,2,ASIHIV
ATTDAZ01,-6055.21299277035,4,ATTDAZ
ATTDAZ04,-5993.841560040612,4,ATTDAZ
ATTDAZ03,-6053.370785850775,4,ATTDAZ
AVIMEY03,-13541.356572715476,2,AVIMEY
AVIMEY,-13542.794339359936,4,AVIMEY
AVIMEY01,-13543.436991330942,8,AVIMEY
AWAXOM02,-41789.75127638757,2,AWAXOM
AWAXOM,-41812.38051804702,2,AWAXOM
AWAXOM01,-41800.7016644126,2,AWAXOM
AZADAG01,-21325.97563879076,4,AZADAG
AZADAG02,-21319.47481815311,8,AZADAG
AZADAG,-21329.03190705805,4,AZADAG
AZIQIM,-1232.1534934660135,144,AZIQIM
AZIQIM02,-1232.2553274939082,144,AZIQIM
AZIQIM01,-1232.7204423746714,144,AZIQIM
BANHOO,-21583.60303053151,4,BANHOO
BANHOO02,-21579.396573986513,4,BANHOO
BANHOO01,-21578.35682605799,4,BANHOO
BAPLOT02,-13694.063411884612,8,BAPLOT
BAPLOT04,-13691.575075795236,4,BAPLOT
BAPLOT01,-13696.941961777062,4,BAPLOT
BAPLOT09,-13696.6526695955,2,BAPLOT
BAPLOT08,-13693.970414334935,4,BAPLOT
BAQHOS,-14768.531427980157,8,BAQHOS
BAQHOS01,-14768.687538177424,4,BAQHOS
BAQHOS02,-14766.899838770114,4,BAQHOS
BARWEA01,-30640.37359345991,4,BARWEA
BARWEA02,-30640.67053617834,4,BARWEA
BARWEA,-30640.7592360449,2,BARWEA
BAWNIW08,-4678.349935403512,4,BAWNIW
BAWNIW07,-4678.354448006962,4,BAWNIW
BAWNIW,-4678.2705569528,8,BAWNIW
BAWNIW02,-4678.3443188508545,12,BAWNIW
BEDMIG03,-17741.09734284997,8,BEDMIG
BEDMIG05,-17740.909746220226,4,BEDMIG
BEDMIG01,-17737.20220287627,8,BEDMIG
BEDMIG17,-17741.724998398637,4,BEDMIG
BEDMIG02,-17741.751213131927,2,BEDMIG
BEDMIG04,-17738.208593648775,4,BEDMIG
BEDMIG08,-17743.093340949836,4,BEDMIG
BELBUP,-9461.86577725605,8,BELBUP
BELBUP03,-9461.1624527431,4,BELBUP
BELBUP02,-9460.864337008286,4,BELBUP
BENCLN02,-10271.32437164878,8,BENCLN
BENCLN05,-10268.931852038962,4,BENCLN
BENCLN06,-10270.800564232282,8,BENCLN
BENZAC22,-9685.4607868268,4,BENZAC
BENZAC23,-9685.35245250395,4,BENZAC
BENZAC12,-9685.388540547288,4,BENZAC
BERTOH03,-9906.44850732865,4,BERTOH
BERTOH,-9907.53543786945,4,BERTOH
BERTOH01,-9904.928115513225,4,BERTOH
BEWKUJ,-17363.655230882498,8,BEWKUJ
BEWKUJ12,-17294.992401496056,8,BEWKUJ
BEWKUJ11,-17318.530959887084,4,BEWKUJ
BIBZUJ03,-24562.542342882512,4,BIBZUJ
BIBZUJ02,-24564.998778859976,2,BIBZUJ
BIBZUJ,-24556.92425747955,4,BIBZUJ
BICCIZ12,-26710.262470621175,4,BICCIZ
BICCIZ05,-26714.112737592288,4,BICCIZ
BICCIZ02,-26711.587425797577,4,BICCIZ
BILCOO13,-9715.132305455994,8,BILCOO
BILCOO11,-9715.675870829582,8,BILCOO
BILCOO10,-9715.11093161637,8,BILCOO
BILNOC01,-7557.915940736034,3,BILNOC
BILNOC04,-7561.837824422033,3,BILNOC
BILNOC05,-7521.533351849933,3,BILNOC
BIRKIW,-8354.930584108424,4,BIRKIW
BIRKIW03,-8353.552488612213,4,BIRKIW
BIRKIW02,-8355.528105703106,8,BIRKIW
BISMEV04,-5976.546841484894,8,BISMEV
BISMEV,-5975.5062089095245,4,BISMEV
BISMEV07,-5974.339449815488,4,BISMEV
BISMEV01,-5975.7314287795625,8,BISMEV
BIXGIY04,-18637.228126905888,4,BIXGIY
BIXGIY05,-18630.676957259475,2,BIXGIY
BIXGIY02,-18631.533756602526,2,BIXGIY
BIXGIY,-18624.572105272724,4,BIXGIY
BIXLUR03,-13849.5193508811,4,BIXLUR
BIXLUR,-13846.656131249089,4,BIXLUR
BIXLUR02,-13851.778322346052,2,BIXLUR
BIYSEH,-23260.93790994649,4,BIYSEH
BIYSEH22,-23256.39877155361,8,BIYSEH
BIYSEH11,-23260.271957692225,2,BIYSEH
BIYSEH21,-23241.0231032248,5,BIYSEH
BIYSEH06,-23260.104307044712,4,BIYSEH
BIYSEH17,-23256.8471816111,4,BIYSEH
BIYSEH08,-23267.78819370625,4,BIYSEH
BIZJUP03,-9640.458243960724,4,BIZJUP
BIZJUP04,-9632.784122546038,4,BIZJUP
BIZJUP,-9641.392645465638,4,BIZJUP
BOKTEE05,-20868.95539437298,8,BOKTEE
BOKTEE02,-20864.9716255698,8,BOKTEE
BOKTEE,-20865.110732094912,8,BOKTEE
BOKTEE04,-20865.81415743469,4,BOKTEE
BOLMIZ,-11742.692953368967,16,BOLMIZ
BOLMIZ01,-11746.445562203087,8,BOLMIZ
BOLMIZ02,-11743.296898090706,16,BOLMIZ
BOQHOE,-7764.485149154974,4,BOQHOE
BOQHOE02,-7765.686958596176,2,BOQHOE
BOQHOE04,-7765.50745549005,2,BOQHOE
BOQHOE01,-7766.7876850447,2,BOQHOE
BOWRUC02,-4950.163760962121,12,BOWRUC
BOWRUC03,-4953.210023935919,16,BOWRUC
BOWRUC,-4949.487163035383,12,BOWRUC
BPYRDB06,-7263.820919034224,2,BPYRDB
BPYRDB08,-7263.741330487424,2,BPYRDB
BPYRDB02,-7262.1203583661745,8,BPYRDB
BPYRDB07,-7263.77370940615,2,BPYRDB
BZAMID11,-10212.5948884151,4,BZAMID
BZAMID06,-10199.906648028313,8,BZAMID
BZAMID,-10215.396544828012,4,BZAMID
BZDMAZ,-9959.442076109488,4,BZDMAZ
BZDMAZ05,-9953.472303243345,8,BZDMAZ
BZDMAZ03,-9962.558096813638,8,BZDMAZ
CABCUD20,-24617.55051074455,2,CABCUD
CABCUD14,-24622.453663765427,2,CABCUD
CABCUD06,-24624.0152324843,4,CABCUD
CABCUD39,-24625.4476275676,2,CABCUD
CABCUD,-24629.167629899,2,CABCUD
CACDAM,-11033.0432298383,4,CACDAM
CACDAM01,-11033.048002227612,4,CACDAM
CACDAM02,-11033.296246071986,8,CACDAM
CACKOJ,-18139.653839041064,8,CACKOJ
CACKOJ01,-18144.973593547664,8,CACKOJ
CACKOJ03,-18140.40440502214,4,CACKOJ
CADKUP03,-20370.353872081098,8,CADKUP
CADKUP,-20367.00145082511,8,CADKUP
CADKUP02,-20367.683827117893,8,CADKUP
CADLIE03,-20418.37307781045,8,CADLIE
CADLIE02,-20418.708729949056,8,CADLIE
CADLIE,-20414.966269166023,8,CADLIE
CAGNOR01,-10522.131598507976,4,CAGNOR
CAGNOR,-10525.679524424912,4,CAGNOR
CAGNOR02,-10523.416787150412,4,CAGNOR
CAPLAC05,-10793.070360675863,4,CAPLAC
CAPLAC,-10794.066915043832,8,CAPLAC
CAPLAC02,-10790.932998181275,4,CAPLAC
CAVVUQ,-23058.010056844934,4,CAVVUQ
CAVVUQ02,-23053.47845766935,4,CAVVUQ
CAVVUQ01,-23057.142865584963,4,CAVVUQ
CBMZPN11,-19799.385828136987,8,CBMZPN
CBMZPN16,-19793.57116528048,8,CBMZPN
CBMZPN01,-19799.195352997875,4,CBMZPN
CBMZPN12,-19796.076844186788,8,CBMZPN
CEBGOF05,-11917.851846610823,4,CEBGOF
CEBGOF01,-11915.086160770765,12,CEBGOF
CEBGOF03,-11915.026744342911,4,CEBGOF
CEBGOF04,-11910.380051346589,4,CEBGOF
CEKGUU,-6656.0917955696505,2,CEKGUU
CEKGUU06,-6651.7708045757,2,CEKGUU
CEKGUU02,-6653.373698784925,4,CEKGUU
CELBEA,-21211.100926080973,4,CELBEA
CELBEA02,-21210.810012951413,4,CELBEA
CELBEA01,-21209.06950339275,2,CELBEA
CEMJOT01,-16566.328435459112,4,CEMJOT
CEMJOT,-16567.77509560845,4,CEMJOT
CEMJOT03,-16567.775369143423,4,CEMJOT
CIDREP,-39664.053763786054,2,CIDREP
CIDREP01,-39663.14811215779,4,CIDREP
CIDREP03,-39667.223259854174,2,CIDREP
CILHIO38,-30007.018624462904,2,CILHIO
CILHIO35,-30000.642164789024,2,CILHIO
CILHIO07,-29997.26721259705,1,CILHIO
CINMAC,-12129.127135186824,4,CINMAC
CINMAC06,-12125.189504907612,4,CINMAC
CINMAC08,-12125.674226250612,4,CINMAC
CLACAM02,-3186.4336444380624,4,CLACAM
CLACAM01,-3189.353880915975,4,CLACAM
CLACAM,-3191.6695532384497,4,CLACAM
CMXLCS01,-12265.9293085619,1,CMXLCS
CMXLCS,-12269.130900124062,4,CMXLCS
CMXLCS02,-12269.078757217938,4,CMXLCS
COMXAD,-11092.700943275688,4,COMXAD
COMXAD02,-11092.423195041947,4,COMXAD
COMXAD03,-11095.092042746914,4,COMXAD
COSXEO01,-9487.24166416445,4,COSXEO
COSXEO,-9484.797562949994,8,COSXEO
COSXEO02,-9483.921104366073,16,COSXEO
CTMTNA,-4214.808476916663,24,CTMTNA
CTMTNA06,-4209.9218060263165,12,CTMTNA
CTMTNA04,-4212.792484109637,24,CTMTNA
CTMTNA02,-4212.3552270749105,24,CTMTNA
CUBHUE02,-14037.19759993969,4,CUBHUE
CUBHUE01,-14047.830271302151,4,CUBHUE
CUBHUE,-14048.948571528575,4,CUBHUE
CUNKAY01,-21990.02090023518,3,CUNKAY
CUNKAY,-21993.1100878176,8,CUNKAY
CUNKAY02,-21992.88345130655,4,CUNKAY
CUPREM02,-20363.146557639466,4,CUPREM
CUPREM01,-20365.49737968865,4,CUPREM
CUPREM,-20364.66744779991,4,CUPREM
CURJEE,-10930.062983862736,4,CURJEE
CURJEE02,-10930.260803440053,4,CURJEE
CURJEE01,-10926.376151868277,4,CURJEE
CUXKAK,-15634.621569898136,4,CUXKAK
CUXKAK01,-15632.419325582874,2,CUXKAK
CUXKAK03,-15624.980344625925,8,CUXKAK
CYACAC02,-5832.935484186112,4,CYACAC
CYACAC01,-5831.463882503467,12,CYACAC
CYACAC,-5834.277460522575,4,CYACAC
DADDER01,-18067.37421021195,2,DADDER
DADDER04,-18066.803050852,4,DADDER
DADDER,-18068.62062153289,8,DADDER
DAKCEX04,-3625.1110168396126,16,DAKCEX
DAKCEX06,-3625.266194931478,16,DAKCEX
DAKCEX05,-3625.2123541908686,8,DAKCEX
DAKCEX,-3624.9271577372538,16,DAKCEX
DALGON01,-18566.76423313054,4,DALGON
DALGON,-18576.424880592036,4,DALGON
DALGON02,-18580.78860816946,8,DALGON
DAMPEO,-18755.916080226827,4,DAMPEO
DAMPEO03,-18765.53702688477,8,DAMPEO
DAMPEO01,-18755.306689650475,8,DAMPEO
DAMPEO02,-18762.975411402746,8,DAMPEO
DANGAL13,-5635.631415132837,4,DANGAL
DANGAL11,-5637.8505411873375,4,DANGAL
DANGAL14,-5635.612930657144,8,DANGAL
DAVMUJ02,-22329.414728910328,2,DAVMUJ
DAVMUJ01,-22320.708239945972,4,DAVMUJ
DAVMUJ,-22329.869921983925,2,DAVMUJ
DAXTIH02,-28791.011763100112,4,DAXTIH
DAXTIH,-28778.468049042094,4,DAXTIH
DAXTIH01,-28779.247982162626,2,DAXTIH
DBEZLM04,-18801.26946595051,4,DBEZLM
DBEZLM03,-18802.536450406184,8,DBEZLM
DBEZLM02,-18809.04157656635,8,DBEZLM
DBEZLM,-18811.67983092812,8,DBEZLM
DBEZLM28,-18801.041884851315,4,DBEZLM
DCLBEN05,-3583.6957334480003,2,DCLBEN
DCLBEN03,-3584.62111046965,4,DCLBEN
DCLBEN01,-3584.0883229529877,4,DCLBEN
DEDMUX,-16902.04603696695,4,DEDMUX
DEDMUX01,-16902.2787443142,2,DEDMUX
DEDMUX02,-16899.4344533507,4,DEDMUX
DEHKUA04,-17822.857609126386,4,DEHKUA
DEHKUA03,-17807.48885623935,4,DEHKUA
DEHKUA02,-17812.69818149254,4,DEHKUA
DEKDIG03,-17500.45236532845,4,DEKDIG
DEKDIG02,-17500.443599786806,8,DEKDIG
DEKDIG,-17502.54437432515,2,DEKDIG
DETYLE05,-7761.367598922362,4,DETYLE
DETYLE,-7764.3297817716,8,DETYLE
DETYLE06,-7757.259091296024,2,DETYLE
DETYLE01,-7762.152416113588,4,DETYLE
DHANQU06,-8929.610441460774,8,DHANQU
DHANQU04,-8928.183596134371,16,DHANQU
DHANQU01,-8927.206499233018,8,DHANQU
DHANQU05,-8928.78557256211,16,DHANQU
DHNAPH17,-6786.457553009425,8,DHNAPH
DHNAPH04,-6783.8930931496,8,DHNAPH
DHNAPH05,-6785.112265066549,4,DHNAPH
DHNAPH02,-6783.877057101387,4,DHNAPH
DICNUY02,-21021.70136846115,2,DICNUY
DICNUY01,-21019.752460589167,8,DICNUY
DICNUY,-21027.408520132463,4,DICNUY
DIKTAT01,-8806.903690819225,4,DIKTAT
DIKTAT02,-8805.740080030739,4,DIKTAT
DIKTAT,-8805.728785255424,4,DIKTAT
DIPGIS10,-6750.743543664138,16,DIPGIS
DIPGIS12,-6751.5537716273875,8,DIPGIS
DIPGIS13,-6751.184008905519,8,DIPGIS
DIRRAX02,-9540.546481374056,16,DIRRAX
DIRRAX,-9541.874522562875,16,DIRRAX
DIRRAX01,-9538.883522960812,4,DIRRAX
DLNLUA03,-12255.68637894965,4,DLNLUA
DLNLUA05,-12252.136190338855,8,DLNLUA
DLNLUA04,-12251.783011096968,8,DLNLUA
DMANTL01,-7156.621293674581,8,DMANTL
DMANTL,-7158.6226868538315,8,DMANTL
DMANTL10,-7157.445416322075,4,DMANTL
DMFUSC02,-25542.66101549724,4,DMFUSC
DMFUSC01,-25544.750539763972,4,DMFUSC
DMFUSC,-25535.86411085766,4,DMFUSC
DMOXBA06,-14099.6415768143,4,DMOXBA
DMOXBA03,-14066.56233751622,8,DMOXBA
DMOXBA01,-14102.1627472316,4,DMOXBA
DOLBIR08,-5814.019365718775,2,DOLBIR
DOLBIR07,-5815.417615484213,4,DOLBIR
DOLBIR,-5814.854819524467,3,DOLBIR
DONTIJ,-26568.830918241812,4,DONTIJ
DONTIJ09,-26574.684147238277,4,DONTIJ
DONTIJ03,-26570.31459799716,4,DONTIJ
DOPLOL,-14434.109191508313,4,DOPLOL
DOPLOL02,-14436.857314183824,8,DOPLOL
DOPLOL03,-14435.672106072332,8,DOPLOL
DOPLOL05,-14439.550266977549,4,DOPLOL
DOQWEN01,-19291.90084662649,4,DOQWEN
DOQWEN02,-19285.59469460726,4,DOQWEN
DOQWEN,-19289.221482056524,8,DOQWEN
DORDUM04,-30881.736477634247,4,DORDUM
DORDUM,-30879.720383517975,2,DORDUM
DORDUM01,-30878.331555271576,2,DORDUM
DPANTR08,-14652.920597918044,8,DPANTR
DPANTR11,-14656.954174810957,8,DPANTR
DPANTR,-14659.508139635513,8,DPANTR
DPYRAM02,-14436.327691495768,8,DPYRAM
DPYRAM,-14439.444945157613,8,DPYRAM
DPYRAM01,-14436.113125137612,4,DPYRAM
DUDCUC01,-16151.74307207225,2,DUDCUC
DUDCUC,-16153.22464145944,8,DUDCUC
DUDCUC02,-16151.8483825552,4,DUDCUC
DUDZIL01,-18389.875794764812,4,DUDZIL
DUDZIL03,-18395.9023942808,4,DUDZIL
DUDZIL,-18398.224974205637,4,DUDZIL
DUSFUV,-20165.418043352387,4,DUSFUV
DUSFUV01,-20161.18029660128,8,DUSFUV
DUSFUV03,-20164.11926214436,4,DUSFUV
DUZNOE02,-23772.468314295777,2,DUZNOE
DUZNOE01,-23774.604094918785,4,DUZNOE
DUZNOE03,-23775.12841949489,4,DUZNOE
EFONOE09,-11993.927728901986,8,EFONOE
EFONOE22,-11993.84739054613,8,EFONOE
EFONOE,-11993.564445992111,8,EFONOE
EFOPAS11,-11994.918588001618,8,EFOPAS
EFOPAS,-11997.49036480142,8,EFOPAS
EFOPAS09,-11994.181583349113,8,EFOPAS
EFOPAS02,-11996.909236490665,16,EFOPAS
EFOZAB01,-13467.76589605786,4,EFOZAB
EFOZAB,-13461.897396621662,4,EFOZAB
EFOZAB02,-13465.984826858536,4,EFOZAB
EFUMAU06,-7564.482417205069,8,EFUMAU
EFUMAU,-7561.72677822745,4,EFUMAU
EFUMAU03,-7560.606347853437,4,EFUMAU
EHOWIH05,-9752.775496556224,4,EHOWIH
EHOWIH,-9751.134994664912,4,EHOWIH
EHOWIH16,-9745.003871983574,4,EHOWIH
EHOWIH02,-9752.909147457618,8,EHOWIH
EHOWIH03,-9752.27116126,8,EHOWIH
EJEQAL04,-39018.1179682582,4,EJEQAL
EJEQAL08,-39026.38979374483,4,EJEQAL
EJEQAL07,-39026.91046202185,4,EJEQAL
EJOGUH,-19609.933182058037,4,EJOGUH
EJOGUH02,-19609.713774926822,4,EJOGUH
EJOGUH01,-19609.857664213385,4,EJOGUH
EPANIU03,-28357.146793787837,4,EPANIU
EPANIU,-28368.484567640586,4,EPANIU
EPANIU07,-28331.306723333535,4,EPANIU
ETDIAM15,-3143.2049910812502,4,ETDIAM
ETDIAM18,-3143.683507956325,4,ETDIAM
ETDIAM01,-3143.4562910880004,4,ETDIAM
ETEDOX02,-12796.535023065482,8,ETEDOX
ETEDOX,-12794.375341298875,4,ETEDOX
ETEDOX01,-12800.964026242988,8,ETEDOX
ETEYUX02,-17491.150970115952,4,ETEYUX
ETEYUX01,-17509.29565096701,8,ETEYUX
ETEYUX,-17501.858887114755,8,ETEYUX
EWEVIM01,-12415.00495791244,4,EWEVIM
EWEVIM02,-12410.395519302292,12,EWEVIM
EWEVIM,-12411.7444839669,4,EWEVIM
EWUVEY01,-4361.776199778231,8,EWUVEY
EWUVEY02,-4360.446803678696,24,EWUVEY
EWUVEY,-4360.870540913606,8,EWUVEY
FACZUF01,-21481.383264370776,4,FACZUF
FACZUF03,-21479.07369279485,2,FACZUF
FACZUF,-21479.71987020715,4,FACZUF
FAGLIM,-25305.8411873686,3,FAGLIM
FAGLIM04,-25306.223816244612,4,FAGLIM
FAGLIM01,-25305.64345993446,4,FAGLIM
FAGLIM03,-25306.375944385323,2,FAGLIM
FAHNOR05,-10338.572239947182,8,FAHNOR
FAHNOR,-10341.044913988324,4,FAHNOR
FAHNOR07,-10340.923199005068,8,FAHNOR
FARPOF02,-20541.198824005533,8,FARPOF
FARPOF01,-20547.625069095164,4,FARPOF
FARPOF,-20547.081716229783,4,FARPOF
FARRUM06,-33650.29442190877,2,FARRUM
FARRUM03,-33663.77728742825,2,FARRUM
FARRUM,-33663.02367638057,2,FARRUM
FEBKOP01,-17446.91377545659,4,FEBKOP
FEBKOP,-17445.191945876348,4,FEBKOP
FEBKOP02,-17447.962868560397,8,FEBKOP
FENTOH,-11186.822315857906,8,FENTOH
FENTOH02,-11187.211054525938,8,FENTOH
FENTOH03,-11186.8083890924,8,FENTOH
FEPROJ01,-23964.827760271135,6,FEPROJ
FEPROJ02,-23963.575084500764,4,FEPROJ
FEPROJ,-23968.7315562358,2,FEPROJ
FESVEH02,-31323.081600947524,4,FESVEH
FESVEH,-31310.133743305774,4,FESVEH
FESVEH01,-31328.958418837996,4,FESVEH
FEVMUO,-18888.766210875812,4,FEVMUO
FEVMUO02,-18893.79594751304,8,FEVMUO
FEVMUO03,-18888.73090227047,3,FEVMUO
FEVMUO06,-18892.04450330933,8,FEVMUO
FIGJUC,-18367.6816953899,4,FIGJUC
FIGJUC02,-18366.608506725224,6,FIGJUC
FIGJUC03,-18365.415136103336,4,FIGJUC
FINBAI01,-4400.817463593925,4,FINBAI
FINBAI,-4400.23839584095,4,FINBAI
FINBAI02,-4400.0622754989245,6,FINBAI
FITYAL02,-18466.76241494245,4,FITYAL
FITYAL,-18468.3651513987,1,FITYAL
FITYAL01,-18464.415304912425,2,FITYAL
FITYOZ,-18477.662939519476,8,FITYOZ
FITYOZ02,-18482.620117748214,8,FITYOZ
FITYOZ01,-18482.682568508713,4,FITYOZ
FIVBEU01,-18315.968620773823,4,FIVBEU
FIVBEU,-18315.422462848288,4,FIVBEU
FIVBEU02,-18318.97055652852,8,FIVBEU
FOMSUY,-22611.806905339225,4,FOMSUY
FOMSUY01,-22611.8653438916,4,FOMSUY
FOMSUY02,-22603.990621357658,8,FOMSUY
FOSMIL01,-24317.665627454473,2,FOSMIL
FOSMIL03,-24316.407586072848,2,FOSMIL
FOSMIL,-24331.183806725163,4,FOSMIL
FOVRUE02,-22339.788032913977,4,FOVRUE
FOVRUE,-22347.240109779978,4,FOVRUE
FOVRUE01,-22346.38513882767,4,FOVRUE
FOVRUE04,-22345.2437179007,4,FOVRUE
FOXREQ01,-8720.907479769681,8,FOXREQ
FOXREQ,-8722.962398485106,8,FOXREQ
FOXREQ02,-8721.98825975355,8,FOXREQ
FPAMCA11,-19310.03328377226,4,FPAMCA
FPAMCA12,-19304.958681248212,8,FPAMCA
FPAMCA,-19304.4840404168,8,FPAMCA
FPAMCA17,-19306.83427511355,4,FPAMCA
FUCTIG04,-9498.106148458211,8,FUCTIG
FUCTIG,-9497.334466011249,8,FUCTIG
FUCTIG02,-9499.142439691006,16,FUCTIG
FUGQUT01,-8971.5150931542,16,FUGQUT
FUGQUT,-8969.07582788855,8,FUGQUT
FUGQUT02,-8969.853663364873,16,FUGQUT
FURDCB04,-10034.901071663438,4,FURDCB
FURDCB05,-10040.04600198338,8,FURDCB
FURDCB01,-10035.963269239335,4,FURDCB
FURHUV13,-417.1933793194796,128,FURHUV
FURHUV15,-417.1940495284109,128,FURHUV
FURHUV01,-416.9655355398672,32,FURHUV
FURHUV11,-417.2009358965355,128,FURHUV
FURHUV10,-417.0074135576001,48,FURHUV
FURHUV,-417.198173154091,128,FURHUV
FURHUV14,-417.20007444378126,128,FURHUV
FURHUV18,-417.1976061388824,128,FURHUV
FURSEM16,-20018.264615931927,2,FURSEM
FURSEM01,-20020.588423387177,4,FURSEM
FURSEM14,-20015.681002352325,4,FURSEM
FUWFAG06,-29535.228188378635,4,FUWFAG
FUWFAG,-29532.950704095525,2,FUWFAG
FUWFAG01,-29530.60471642726,4,FUWFAG
GADGUN09,-16011.043033022224,4,GADGUN
GADGUN02,-16019.625153304,2,GADGUN
GADGUN,-16020.2724885363,2,GADGUN
GADGUN17,-16019.617379025123,2,GADGUN
GAVLEY,-15595.680156358636,4,GAVLEY
GAVLEY02,-15586.4828851048,4,GAVLEY
GAVLEY01,-15595.649723059938,4,GAVLEY
GEHXEX02,-25330.1036026424,2,GEHXEX
GEHXEX,-25333.338025396723,2,GEHXEX
GEHXEX04,-25331.674444775836,4,GEHXEX
GEKGOV01,-18467.631601271012,4,GEKGOV
GEKGOV,-18469.20440422086,4,GEKGOV
GEKGOV02,-18467.13091793204,4,GEKGOV
GEYDEX02,-18601.512789927,4,GEYDEX
GEYDEX01,-18603.708702655353,4,GEYDEX
GEYDEX,-18602.33975610805,4,GEYDEX
GICKEM,-34661.25587797562,2,GICKEM
GICKEM02,-34669.46127957007,4,GICKEM
GICKEM01,-34661.59832109035,2,GICKEM
GIXLOR03,-12999.710649526423,2,GIXLOR
GIXLOR,-12998.439679637226,2,GIXLOR
GIXLOR01,-13000.974927698451,2,GIXLOR
GIXLOR02,-13000.240439977775,8,GIXLOR
GLUTAS05,-21954.994110689473,4,GLUTAS
GLUTAS02,-21991.0539615924,4,GLUTAS
GLUTAS04,-21972.101282305222,4,GLUTAS
GLYCIN,-5814.0128057036245,2,GLYCIN
GLYCIN18,-5814.906120598967,3,GLYCIN
GLYCIN67,-5812.845661393225,4,GLYCIN
GLYCIN01,-5815.422155183866,3,GLYCIN
GLYCIN02,-5814.3748593946,4,GLYCIN
GOTQEL,-10061.047771930163,8,GOTQEL
GOTQEL02,-10061.885115716195,12,GOTQEL
GOTQEL01,-10072.977259342411,16,GOTQEL
GRISFL40,-25049.343866059426,2,GRISFL
GRISFL,-25059.836447955837,4,GRISFL
GRISFL14,-25053.17743557765,4,GRISFL
GRISFL32,-25050.928785434764,6,GRISFL
GUPFAB02,-20095.114170431963,8,GUPFAB
GUPFAB,-20093.153143440948,2,GUPFAB
GUPFAB01,-20094.767870088148,2,GUPFAB
GUYVUU09,-22425.086324902088,4,GUYVUU
GUYVUU01,-22424.383467376538,4,GUYVUU
GUYVUU,-22429.174745557488,4,GUYVUU
HALTAP08,-16393.142377886812,4,HALTAP
HALTAP04,-16393.783331842427,4,HALTAP
HALTAP06,-16393.688582607574,4,HALTAP
HALTAP03,-16393.955950020165,4,HALTAP
HALTAP07,-16393.237848105826,4,HALTAP
HALTAP09,-16393.9396853025,4,HALTAP
HALTAP05,-16393.798145908113,4,HALTAP
HANFOS,-16804.299767197226,4,HANFOS
HANFOS06,-16803.68507525255,4,HANFOS
HANFOS07,-16802.441242252025,4,HANFOS
HANFOS11,-16800.750306083333,8,HANFOS
HANFOS10,-16801.054527750763,4,HANFOS
HANFOS01,-16806.329227259943,8,HANFOS
HANFOS08,-16805.179602092812,4,HANFOS
HAVBIQ,-17369.669952130138,4,HAVBIQ
HAVBIQ05,-17370.57954661791,4,HAVBIQ
HAVBIQ01,-17368.065899377274,2,HAVBIQ
HCCYHG05,-1474.336679542148,24,HCCYHG
HCCYHG06,-1474.4924871383355,48,HCCYHG
HCCYHG02,-1474.6261483314622,24,HCCYHG
HECPAJ02,-32618.01115527075,2,HECPAJ
HECPAJ01,-32606.13767957191,4,HECPAJ
HECPAJ,-32601.5215725618,2,HECPAJ
HETPAL01,-9774.38783793515,8,HETPAL
HETPAL,-9779.35931765302,8,HETPAL
HETPAL02,-9781.09320616977,8,HETPAL
HIBGUV,-18609.45503664395,8,HIBGUV
HIBGUV02,-18604.283599723592,8,HIBGUV
HIBGUV01,-18606.62013921884,4,HIBGUV
HIFZIJ,-21568.832583059175,4,HIFZIJ
HIFZIJ01,-21566.17609122331,4,HIFZIJ
HIFZIJ02,-21567.663966628887,4,HIFZIJ
HNIABZ20,-6106.680359288456,8,HNIABZ
HNIABZ11,-6107.402275315147,16,HNIABZ
HNIABZ21,-6107.2408492165,16,HNIABZ
HOEDSO,-5828.103237750524,4,HOEDSO
HOEDSO02,-5817.17880708505,4,HOEDSO
HOEDSO01,-5827.1961470485,4,HOEDSO
HOEDSO03,-5804.96538457965,2,HOEDSO
HOHKEV02,-20303.845278124227,4,HOHKEV
HOHKEV06,-20308.9609933892,4,HOHKEV
HOHKEV01,-20303.560740964673,4,HOHKEV
HOHKEV,-20303.538422054477,4,HOHKEV
HOHRIF02,-16468.75637032174,4,HOHRIF
HOHRIF,-16466.71124290411,4,HOHRIF
HOHRIF01,-16464.54805535503,8,HOHRIF
HOPHAL11,-13547.1957624208,2,HOPHAL
HOPHAL12,-13544.4600518169,2,HOPHAL
HOPHAL10,-13542.685437464072,2,HOPHAL
HXACAN01,-12484.246943938662,4,HXACAN
HXACAN12,-12479.631095025925,4,HXACAN
HXACAN,-12485.56273726128,8,HXACAN
HXQUIN14,-11897.9725996771,4,HXQUIN
HXQUIN15,-11904.00053768125,4,HXQUIN
HXQUIN03,-11907.768543471062,16,HXQUIN
IFILAL,-27093.77298169815,2,IFILAL
IFILAL02,-27092.11941597905,2,IFILAL
IFILAL01,-27095.40553732607,4,IFILAL
IFULUQ,-3414.2322425974903,16,IFULUQ
IFULUQ02,-3416.161434513511,32,IFULUQ
IFULUQ04,-3416.055339637662,8,IFULUQ
IFULUQ03,-3414.768484096244,8,IFULUQ
IFULUQ01,-3415.160758939525,8,IFULUQ
IFUXEN,-17615.877876892275,4,IFUXEN
IFUXEN02,-17615.392621987223,4,IFUXEN
IFUXEN03,-17620.245949671673,4,IFUXEN
IHXNAQ02,-12649.793001775311,12,IHXNAQ
IHXNAQ03,-12644.823296617606,12,IHXNAQ
IHXNAQ01,-12647.005762633526,4,IHXNAQ
ILIMEV02,-18777.070363168863,4,ILIMEV
ILIMEV,-18780.89873528135,4,ILIMEV
ILIMEV01,-18777.372718695788,8,ILIMEV
IMDIAC04,-9632.055282816047,8,IMDIAC
IMDIAC,-9629.022236799776,4,IMDIAC
IMDIAC01,-9630.576265457112,4,IMDIAC
IPIXUB08,-9079.339305839512,8,IPIXUB
IPIXUB,-9079.902717936387,4,IPIXUB
IPIXUB07,-9078.658520704988,4,IPIXUB
IQIMAZ04,-47049.47885160675,2,IQIMAZ
IQIMAZ01,-47047.955093912096,2,IQIMAZ
IQIMAZ,-47047.081215276776,2,IQIMAZ
IREYUB01,-26041.101088594376,2,IREYUB
IREYUB,-26043.44407967975,2,IREYUB
IREYUB03,-26039.920645274,2,IREYUB
IVUQOF,-21877.036600361076,2,IVUQOF
IVUQOF02,-21879.118307292505,8,IVUQOF
IVUQOF01,-21877.342231794963,8,IVUQOF
IWUKAM02,-10171.401962183576,12,IWUKAM
IWUKAM,-10170.301634861333,12,IWUKAM
IWUKAM01,-10170.798526902638,12,IWUKAM
JATFUF03,-4286.642368416587,18,JATFUF
JATFUF,-4287.287244112229,12,JATFUF
JATFUF02,-4286.803216737591,6,JATFUF
JAYPUU,-12279.598489752138,4,JAYPUU
JAYPUU03,-12280.045753447224,4,JAYPUU
JAYPUU01,-12282.162516635524,2,JAYPUU
JEGGEK,-12933.631313475147,8,JEGGEK
JEGGEK02,-12930.362957549358,8,JEGGEK
JEGGEK03,-12934.119664463244,8,JEGGEK
JIGKES01,-29501.09522855615,4,JIGKES
JIGKES,-29504.92372875247,2,JIGKES
JIGKES04,-29509.7667764426,4,JIGKES
JIYKEH02,-19811.421040435263,4,JIYKEH
JIYKEH,-19833.858827632852,4,JIYKEH
JIYKEH01,-19830.896901674925,4,JIYKEH
JIZJEH01,-18004.528601619968,8,JIZJEH
JIZJEH,-18003.710124068613,4,JIZJEH
JIZJEH03,-18000.85069882983,8,JIZJEH
JOFWIM01,-16426.766474613236,4,JOFWIM
JOFWIM,-16427.93559107704,4,JOFWIM
JOFWIM03,-16423.742719981856,8,JOFWIM
JOGVEJ07,-18722.50355604961,4,JOGVEJ
JOGVEJ01,-18720.413827596494,8,JOGVEJ
JOGVEJ,-18717.249978916025,4,JOGVEJ
JOHGEU02,-10544.19026502415,8,JOHGEU
JOHGEU01,-10545.669972009626,2,JOHGEU
JOHGEU,-10546.507357244009,8,JOHGEU
KAMDUA,-41811.1000516217,4,KAMDUA
KAMDUA01,-41815.78167845955,4,KAMDUA
KAMDUA02,-41822.424388008505,4,KAMDUA
KAXXAI,-19070.05025980479,4,KAXXAI
KAXXAI01,-19069.0596253946,4,KAXXAI
KAXXAI02,-19064.311789343687,8,KAXXAI
KAXXAI03,-19067.769291609136,6,KAXXAI
KAXXAI11,-19073.937936422524,4,KAXXAI
KAXXAI05,-19068.3906312095,4,KAXXAI
KAXXAI08,-19067.251503730975,2,KAXXAI
KEBGAB02,-13559.687049183149,4,KEBGAB
KEBGAB,-13576.583530122589,4,KEBGAB
KEBGAB01,-13580.3751824562,4,KEBGAB
KEBHIK02,-23148.151182808902,2,KEBHIK
KEBHIK,-23154.464627405636,4,KEBHIK
KEBHIK01,-23146.9813890204,8,KEBHIK
KEHFAH,-13974.3491777245,4,KEHFAH
KEHFAH02,-13972.4485756708,4,KEHFAH
KEHFAH01,-13977.196590942598,4,KEHFAH
KELFOX01,-21990.45946178731,8,KELFOX
KELFOX04,-21999.45971332449,4,KELFOX
KELFOX,-21996.55193474856,4,KELFOX
KELFOX02,-21993.625763237087,4,KELFOX
KELFOX03,-21996.224190158737,4,KELFOX
KELGEO02,-21859.33798775595,2,KELGEO
KELGEO01,-21870.33962933661,4,KELGEO
KELGEO03,-21872.668296017673,2,KELGEO
KELGEO,-21874.818894565775,2,KELGEO
KELNIA07,-20119.223651432876,2,KELNIA
KELNIA06,-20120.0416806908,4,KELNIA
KELNIA01,-20113.716869437423,2,KELNIA
KEXYOC02,-18892.286541359113,8,KEXYOC
KEXYOC,-18893.477411813437,4,KEXYOC
KEXYOC01,-18901.58208451515,2,KEXYOC
KIDJUD03,-17123.724798958825,2,KIDJUD
KIDJUD02,-17125.753482196687,4,KIDJUD
KIDJUD,-17130.1456166466,2,KIDJUD
KONTIQ04,-13153.003522062509,8,KONTIQ
KONTIQ01,-13145.146398392562,4,KONTIQ
KONTIQ02,-13148.338254377011,4,KONTIQ
KONTIQ,-13150.164878004238,4,KONTIQ
KONTIQ03,-13143.259966125965,4,KONTIQ
KOPDAW01,-19152.997877606977,4,KOPDAW
KOPDAW,-19153.763278639224,8,KOPDAW
KOPDAW02,-19158.227551426055,8,KOPDAW
KOSSIY05,-13097.363334997068,8,KOSSIY
KOSSIY04,-13095.933009275806,8,KOSSIY
KOSSIY01,-13092.769340539862,8,KOSSIY
KOWYEA07,-5797.951579790678,16,KOWYEA
KOWYEA04,-5768.750138252397,16,KOWYEA
KOWYEA09,-5796.142571490206,16,KOWYEA
KOWYEA14,-5795.802131524687,16,KOWYEA
KOWYEA02,-5798.659953363678,16,KOWYEA
KOWYEA03,-5767.711317424116,16,KOWYEA
KUTLIW02,-19005.277693798933,8,KUTLIW
KUTLIW,-19006.09907217181,4,KUTLIW
KUTLIW01,-19006.057039446412,4,KUTLIW
KUVWON01,-22703.832482491525,4,KUVWON
KUVWON,-22709.056621569187,8,KUVWON
KUVWON02,-22699.85769583881,8,KUVWON
LANLET04,-20228.13379857197,8,LANLET
LANLET02,-20225.17363250044,8,LANLET
LANLET01,-20229.6314721499,2,LANLET
LANLET,-20227.68650605199,4,LANLET
LAWYOY,-22658.47794497815,4,LAWYOY
LAWYOY01,-22660.59174607695,4,LAWYOY
LAWYOY02,-22654.169637419876,8,LAWYOY
LEBTAQ02,-18465.6796477294,4,LEBTAQ
LEBTAQ03,-18467.076133507824,8,LEBTAQ
LEBTAQ,-18471.930251404425,4,LEBTAQ
LEPPUS02,-25465.14245258056,4,LEPPUS
LEPPUS,-25461.457730230624,4,LEPPUS
LEPPUS01,-25472.59788423001,4,LEPPUS
LEQZIS04,-25998.968913451536,4,LEQZIS
LEQZIS03,-25996.244051621037,4,LEQZIS
LEQZIS,-26004.591973379884,4,LEQZIS
LETGIA12,-8148.793550417038,4,LETGIA
LETGIA04,-8147.492397366499,4,LETGIA
LETGIA08,-8138.9515142913,2,LETGIA
LETGIA03,-8145.20937412075,4,LETGIA
LHISTD02,-12399.009707658552,2,LHISTD
LHISTD10,-12397.391583292074,4,LHISTD
LHISTD25,-12396.8663271533,4,LHISTD
LHISTD41,-12397.52112550035,2,LHISTD
LICBIK03,-20869.348238718976,2,LICBIK
LICBIK,-20868.28208019261,8,LICBIK
LICBIK02,-20867.75424645706,4,LICBIK
LPYGLU,-9830.455932679017,12,LPYGLU
LPYGLU02,-9830.44395197576,12,LPYGLU
LPYGLU08,-9833.746895562936,4,LPYGLU
LSERIN01,-8065.258951403387,4,LSERIN
LSERIN16,-8064.603460294038,4,LSERIN
LSERIN21,-8065.126461819575,4,LSERIN
LTHREO01,-9689.070273068288,4,LTHREO
LTHREO18,-9685.786890447987,4,LTHREO
LTHREO06,-9686.388397717414,4,LTHREO
LUBMOO,-20918.55531771673,8,LUBMOO
LUBMOO02,-20916.718865283165,4,LUBMOO
LUBMOO01,-20916.463325966724,2,LUBMOO
MABZNA02,-22036.83233865499,4,MABZNA
MABZNA01,-22032.344655833214,4,MABZNA
MABZNA,-22032.5092088298,4,MABZNA
MALEHY01,-3937.2486120507247,8,MALEHY
MALEHY12,-3938.096800831163,8,MALEHY
MALEHY10,-3938.917676879013,4,MALEHY
MALOAM01,-7906.018715607263,4,MALOAM
MALOAM02,-7910.291701936738,4,MALOAM
MALOAM,-7911.154409538763,8,MALOAM
MAQWIM01,-8016.304463502288,8,MAQWIM
MAQWIM05,-8016.401114938912,8,MAQWIM
MAQWIM03,-8016.397436207075,8,MAQWIM
MAQWIM,-8018.101284360287,8,MAQWIM
MAVGEW02,-20850.99273187139,4,MAVGEW
MAVGEW,-20855.5010439098,4,MAVGEW
MAVGEW01,-20856.5593975233,4,MAVGEW
MCHTEP05,-8027.36026790255,2,MCHTEP
MCHTEP,-8032.17912825045,2,MCHTEP
MCHTEP01,-8025.3289783636255,4,MCHTEP
MEKMUO,-23620.03976898305,4,MEKMUO
MEKMUO02,-23623.035900803177,2,MEKMUO
MEKMUO01,-23616.9336437805,2,MEKMUO
MELFIT,-34139.3341927787,4,MELFIT
MELFIT05,-34139.179044416276,2,MELFIT
MELFIT09,-34135.66040531502,4,MELFIT
MELFIT07,-34139.055021632426,2,MELFIT
MELFIT01,-34141.65807742195,2,MELFIT
MELFIT02,-34143.763635807205,4,MELFIT
MELFIT06,-34139.88269553095,4,MELFIT
MELFIT04,-34150.01872675836,4,MELFIT
MENMIB01,-22955.736007740776,2,MENMIB
MENMIB02,-22959.89693289367,8,MENMIB
MENMIB,-22958.289271963626,4,MENMIB
MEUREA02,-6319.747090769162,4,MEUREA
MEUREA03,-6319.221429393387,4,MEUREA
MEUREA,-6321.140217663526,4,MEUREA
MIFSUS,-27867.740247009824,4,MIFSUS
MIFSUS01,-27873.94600566291,4,MIFSUS
MIFSUS02,-27867.213326987225,2,MIFSUS
MILHOF,-40085.31302501568,4,MILHOF
MILHOF01,-40098.8319785785,2,MILHOF
MILHOF02,-40098.59332051888,2,MILHOF
MIQXOC02,-17498.089947108932,8,MIQXOC
MIQXOC01,-17501.00048238191,8,MIQXOC
MIQXOC,-17499.00876809544,4,MIQXOC
MIQXUI02,-17964.489666019403,8,MIQXUI
MIQXUI,-17969.959833404624,4,MIQXUI
MIQXUI01,-17966.05323342505,4,MIQXUI
MONRAI02,-13293.556144696187,4,MONRAI
MONRAI08,-13289.118748409135,4,MONRAI
MONRAI,-13292.806064275874,4,MONRAI
MUBJOJ,-13060.301972929905,8,MUBJOJ
MUBJOJ05,-13058.251906324524,4,MUBJOJ
MUBJOJ04,-13061.867865382845,8,MUBJOJ
MUDWEO02,-13111.44488813245,8,MUDWEO
MUDWEO,-13113.635926921026,8,MUDWEO
MUDWEO03,-13111.36611162753,8,MUDWEO
MUJXOH,-9896.260113932947,8,MUJXOH
MUJXOH01,-9897.31010247786,16,MUJXOH
MUJXOH05,-9897.788543009176,16,MUJXOH
MUPWAY34,-23536.746551076936,4,MUPWAY
MUPWAY01,-23539.59964943245,4,MUPWAY
MUPWAY14,-23539.614416944125,4,MUPWAY
MUPWAY,-23536.934375049463,4,MUPWAY
MUYROO02,-8583.1506894731,4,MUYROO
MUYROO01,-8584.099148118874,4,MUYROO
MUYROO,-8583.983130936687,8,MUYROO
NADQAL01,-2253.5150421746416,6,NADQAL
NADQAL,-2254.853151231496,12,NADQAL
NADQAL02,-2254.10360662455,24,NADQAL
NBZANO11,-22085.687299384037,4,NBZANO
NBZANO12,-22077.70076689633,8,NBZANO
NBZANO13,-22084.59107673471,8,NBZANO
NBZOAC01,-11196.675591280082,8,NBZOAC
NBZOAC17,-11191.898375908488,4,NBZOAC
NBZOAC02,-11191.7425953281,4,NBZOAC
NENVUX03,-42198.60563532264,4,NENVUX
NENVUX02,-42191.48285983194,4,NENVUX
NENVUX,-42198.6130021936,4,NENVUX
NEQDOG,-14694.956739490077,8,NEQDOG
NEQDOG03,-14696.493631446565,8,NEQDOG
NEQDOG02,-14693.822808693649,2,NEQDOG
NICOAM16,-9754.398874048526,8,NICOAM
NICOAM01,-9755.591922651724,4,NICOAM
NICOAM08,-9754.507796929876,4,NICOAM
NICOAM04,-9752.533684462254,16,NICOAM
NICOAM07,-9752.13217751205,2,NICOAM
NICOAM18,-9753.103238975138,4,NICOAM
NICOAM15,-9754.595475382106,16,NICOAM
NICOAM17,-9754.068439939325,4,NICOAM
NILLEZ09,-20171.1689374633,4,NILLEZ
NILLEZ05,-20167.816548047365,4,NILLEZ
NILLEZ03,-20168.326594531947,2,NILLEZ
NILLEZ,-20169.51022740521,4,NILLEZ
NIMFOE01,-9503.642633963944,8,NIMFOE
NIMFOE02,-9501.703814322347,4,NIMFOE
NIMFOE,-9503.403755797914,4,NIMFOE
NIZVAU02,-10963.593184522924,8,NIZVAU
NIZVAU01,-10961.410540411774,4,NIZVAU
NIZVAU,-10961.477950380662,4,NIZVAU
NOQCIF03,-22106.489109836813,4,NOQCIF
NOQCIF04,-22106.166383190623,8,NOQCIF
NOQCIF,-22109.132029007116,8,NOQCIF
NOSYOJ03,-20920.303154225687,8,NOSYOJ
NOSYOJ,-20926.920060911696,8,NOSYOJ
NOSYOJ01,-20920.916743588023,2,NOSYOJ
NOSYOJ02,-20920.64848489525,4,NOSYOJ
NUKMAH03,-11466.089610279649,8,NUKMAH
NUKMAH,-11462.72187118567,16,NUKMAH
NUKMAH02,-11461.831098207753,16,NUKMAH
NUQXAA03,-22183.552532505422,4,NUQXAA
NUQXAA02,-22176.563716547513,4,NUQXAA
NUQXAA04,-22176.0788888298,8,NUQXAA
NUQXAA,-22175.747351052807,8,NUQXAA
OCHTET03,-4216.829000940702,24,OCHTET
OCHTET,-4217.162220863317,32,OCHTET
OCHTET04,-4217.794056413551,8,OCHTET
ODEROH14,-32465.32629586704,4,ODEROH
ODEROH06,-32474.37455134505,2,ODEROH
ODEROH,-32477.409886950372,4,ODEROH
ODEROH18,-32460.996106234397,4,ODEROH
OGEPUM01,-22190.785828427863,4,OGEPUM
OGEPUM,-22190.88925431755,4,OGEPUM
OGEPUM02,-22188.32847849624,4,OGEPUM
OJIGAP02,-23225.629975332213,4,OJIGAP
OJIGAP01,-23224.19047774685,8,OJIGAP
OJIGAP,-23225.01029149485,4,OJIGAP
OJUJOU,-38302.2909077815,4,OJUJOU
OJUJOU02,-38292.17229161416,4,OJUJOU
OJUJOU03,-38286.2225795474,2,OJUJOU
OLOVET02,-29326.64586007395,2,OLOVET
OLOVET01,-29323.796027976903,2,OLOVET
OLOVET,-29327.448009589363,4,OLOVET
OVICII,-27647.2444731302,2,OVICII
OVICII02,-27654.81891468533,2,OVICII
OVICII01,-27649.090446824175,2,OVICII
OWAFAW,-16707.277411357027,8,OWAFAW
OWAFAW04,-16708.871042162005,8,OWAFAW
OWAFAW05,-16707.707675842386,8,OWAFAW
OWAFAW03,-16707.50775060056,8,OWAFAW
OXIMIU02,-21531.048501305577,4,OXIMIU
OXIMIU01,-21536.056349717524,4,OXIMIU
OXIMIU,-21535.261155082124,2,OXIMIU
PAMVIK01,-17047.691247411105,8,PAMVIK
PAMVIK,-17048.359401332462,8,PAMVIK
PAMVIK02,-17051.110308565076,8,PAMVIK
PAMVIK04,-17047.824935821045,8,PAMVIK
PASXIS03,-13896.556450750624,2,PASXIS
PASXIS02,-13888.633064439053,2,PASXIS
PASXIS,-13900.69862790317,8,PASXIS
PDHTEZ05,-9384.360169983356,8,PDHTEZ
PDHTEZ,-9385.4428019968,4,PDHTEZ
PDHTEZ01,-9384.44590257435,8,PDHTEZ
PEFGEO,-16840.104282608274,4,PEFGEO
PEFGEO03,-16841.46547453552,8,PEFGEO
PEFGEO02,-16840.19958614945,4,PEFGEO
PEFGEO01,-16839.00880470254,4,PEFGEO
PEFGIR,-20610.24576524244,4,PEFGIR
PEFGIR03,-20607.359226874418,4,PEFGIR
PEFGIR01,-20608.6515428638,4,PEFGIR
PEJJOF01,-25278.789970860864,4,PEJJOF
PEJJOF,-25277.2046709326,2,PEJJOF
PEJJOF02,-25284.65502626499,4,PEJJOF
PEQXOY,-5114.61685175435,8,PEQXOY
PEQXOY16,-5114.006661558563,8,PEQXOY
PEQXOY24,-5115.421064722093,8,PEQXOY
PEWHEE07,-10462.148538374226,2,PEWHEE
PEWHEE,-10421.286363205125,2,PEWHEE
PEWHEE01,-10429.3344004179,2,PEWHEE
PHBARB,-18594.17134782746,4,PHBARB
PHBARB11,-18590.315240739907,8,PHBARB
PHBARB12,-18587.76078963095,8,PHBARB
PHBARB10,-18586.241763440095,8,PHBARB
PHBARB08,-18593.882679582235,6,PHBARB
PHPYRO02,-14233.84425143998,8,PHPYRO
PHPYRO,-14238.595990188538,4,PHPYRO
PHPYRO01,-14232.707982369784,6,PHPYRO
PICANO03,-9749.736124500923,2,PICANO
PICANO05,-9749.538165985212,4,PICANO
PICANO,-9752.42575049185,2,PICANO
PIMBAP07,-9963.3616521155,4,PIMBAP
PIMBAP04,-9967.24802666816,4,PIMBAP
PIMBAP,-9966.008580358162,4,PIMBAP
PIMBAP08,-9964.923702776949,4,PIMBAP
POKLUY,-19695.45075333474,4,POKLUY
POKLUY02,-19693.424873950975,4,POKLUY
POKLUY01,-19698.65082658482,8,POKLUY
POQPIX03,-12698.460379503123,2,POQPIX
POQPIX,-12707.905870480088,4,POQPIX
POQPIX05,-12710.361644088023,2,POQPIX
POQPIX02,-12710.427988138876,4,POQPIX
POZYUB02,-12894.183870362824,4,POZYUB
POZYUB04,-12895.42861345811,4,POZYUB
POZYUB,-12895.163210238912,8,POZYUB
PRMDIN,-3254.812134821025,8,PRMDIN
PRMDIN20,-3253.7099211768314,8,PRMDIN
PRMDIN18,-3253.586385823141,16,PRMDIN
PUFKOU03,-11799.8064083728,16,PUFKOU
PUFKOU01,-11798.849750009604,16,PUFKOU
PUFKOU,-11800.68056379947,8,PUFKOU
PULWIF02,-5937.316964489578,24,PULWIF
PULWIF01,-5941.125230695946,24,PULWIF
PULWIF,-5940.280596020887,12,PULWIF
PULWIF03,-5937.428057439184,12,PULWIF
PUPBAD01,-4640.355084820751,8,PUPBAD
PUPBAD02,-4639.401837745031,8,PUPBAD
PUPBAD,-4638.87994302305,8,PUPBAD
PUQYOQ03,-19669.670340762,4,PUQYOQ
PUQYOQ01,-19669.287853477723,4,PUQYOQ
PUQYOQ,-19669.19577892768,8,PUQYOQ
PUQYOQ02,-19670.19561607717,8,PUQYOQ
PURSEB01,-37982.14934656985,4,PURSEB
PURSEB02,-37995.50537001378,4,PURSEB
PURSEB,-37979.98589284278,2,PURSEB
PYMDAN13,-6697.45697598925,8,PYMDAN
PYMDAN16,-6722.285858919268,8,PYMDAN
PYMDAN,-6719.6228088773505,8,PYMDAN
PYRDNA08,-6957.412972660663,4,PYRDNA
PYRDNA03,-6959.5419728003,4,PYRDNA
PYRDNA01,-6958.447631608469,16,PYRDNA
PYRZIN02,-9287.14208069215,2,PYRZIN
PYRZIN,-9286.564428374124,4,PYRZIN
PYRZIN01,-9289.20718581145,4,PYRZIN
PYRZIN17,-9286.221099044677,2,PYRZIN
QAPKOH01,-27335.998340222024,2,QAPKOH
QAPKOH02,-27334.3430932518,2,QAPKOH
QAPKOH,-27334.81259601575,4,QAPKOH
QAXMEH65,-17586.7747035174,4,QAXMEH
QAXMEH05,-17594.14627233455,8,QAXMEH
QAXMEH01,-17584.050426144786,4,QAXMEH
QAXMEH53,-17585.760895098698,2,QAXMEH
QAXMEH03,-17587.158804272087,4,QAXMEH
QAXMEH57,-17591.747330562524,4,QAXMEH
QAXMEH04,-17589.596293972525,2,QAXMEH
QAXMEH,-17588.111412978924,4,QAXMEH
QAXMEH12,-17584.249240964873,4,QAXMEH
QAXMEH60,-17587.095055667734,4,QAXMEH
QAXMEH02,-17590.1049353943,2,QAXMEH
QAXMEH59,-17591.83495100315,4,QAXMEH
QEXJEJ01,-51821.48173348052,2,QEXJEJ
QEXJEJ02,-51816.94137226087,2,QEXJEJ
QEXJEJ,-51821.4363078601,2,QEXJEJ
QIBMUM,-14745.415241963305,8,QIBMUM
QIBMUM01,-14750.767897493086,8,QIBMUM
QIBMUM04,-14750.580704411856,8,QIBMUM
QIFJAS01,-33410.6411740228,4,QIFJAS
QIFJAS02,-33409.48460229749,4,QIFJAS
QIFJAS,-33406.11183211379,4,QIFJAS
QIMKIG,-16341.724376109862,4,QIMKIG
QIMKIG03,-16338.981050427336,8,QIMKIG
QIMKIG02,-16334.9265415961,4,QIMKIG
QNACRD05,-12495.672946811175,4,QNACRD
QNACRD02,-12497.749312936035,4,QNACRD
QNACRD03,-12495.304877521665,4,QNACRD
QOBHEW,-6723.664416216812,8,QOBHEW
QOBHEW01,-6718.806821483237,4,QOBHEW
QOBHEW02,-6719.336930817512,4,QOBHEW
QOBHIA,-8332.54464879408,8,QOBHIA
QOBHIA02,-8328.000265235387,8,QOBHIA
QOBHIA01,-8332.497648176639,4,QOBHIA
QOBHOG,-9943.81096856743,8,QOBHOG
QOBHOG04,-9938.545965077112,4,QOBHOG
QOBHOG01,-9940.276356615645,8,QOBHOG
QODZUG01,-18552.908588406277,4,QODZUG
QODZUG02,-18556.67610139895,4,QODZUG
QODZUG,-18557.394367579,4,QODZUG
QOGNEF02,-10983.242302309209,16,QOGNEF
QOGNEF,-10984.429501268069,16,QOGNEF
QOGNEF01,-10983.445179992035,8,QOGNEF
QOQVOH04,-11762.593778208096,8,QOQVOH
QOQVOH05,-11761.957693729824,4,QOQVOH
QOQVOH,-11762.922903860088,4,QOQVOH
QOWVEH,-19938.0428105787,4,QOWVEH
QOWVEH01,-19939.92573030887,2,QOWVEH
QOWVEH02,-19939.1281626249,2,QOWVEH
QQQAUG22,-14343.587556202576,2,QQQAUG
QQQAUG15,-14340.75514784925,1,QQQAUG
QQQAUG03,-14340.41788839115,1,QQQAUG
QQQAXG13,-14064.962288529036,4,QQQAXG
QQQAXG02,-14069.47018182255,4,QQQAXG
QQQAXG01,-14071.329517724176,4,QQQAXG
QQQAXG03,-14069.704544369975,8,QQQAXG
QQQCIG13,-3348.037156532716,28,QQQCIG
QQQCIG01,-3348.0794225795216,56,QQQCIG
QQQCIG14,-3348.6842990362284,14,QQQCIG
QQQCIG30,-3345.7148714384716,28,QQQCIG
QQQFDJ19,-18149.231303407087,4,QQQFDJ
QQQFDJ01,-18150.907070324687,4,QQQFDJ
QQQFDJ02,-18155.913434556125,2,QQQFDJ
QUKHIP,-33873.37612910861,4,QUKHIP
QUKHIP02,-33869.30864256245,2,QUKHIP
QUKHIP01,-33867.17070598211,4,QUKHIP
QUKHIP03,-33867.71357762855,4,QUKHIP
QULLUF,-25093.344768712577,4,QULLUF
QULLUF02,-25093.311289382425,4,QULLUF
QULLUF01,-25093.251681914273,4,QULLUF
QUZREJ,-23790.942033600513,4,QUZREJ
QUZREJ03,-23788.527818252987,4,QUZREJ
QUZREJ02,-23793.87991187825,4,QUZREJ
RATNIN,-26461.4272026241,2,RATNIN
RATNIN02,-26463.588312730524,4,RATNIN
RATNIN01,-26466.869769510224,2,RATNIN
RESORA24,-4386.3210955132,8,RESORA
RESORA31,-4384.276909186144,16,RESORA
RESORA27,-4387.140754463078,16,RESORA
RESORA03,-4387.744433308338,8,RESORA
REZQOF02,-12556.08426944694,12,REZQOF
REZQOF,-12553.648207322483,6,REZQOF
REZQOF03,-12553.60153165848,12,REZQOF
RIFQAY03,-4070.357406079844,8,RIFQAY
RIFQAY,-4071.107236724613,16,RIFQAY
RIFQAY02,-4072.279889243057,16,RIFQAY
RIFQAY01,-4070.052252970344,16,RIFQAY
RIGHUK04,-19909.82909961392,8,RIGHUK
RIGHUK,-19907.48812868324,4,RIGHUK
RIGHUK01,-19904.990552225412,4,RIGHUK
RUGSIW06,-19969.994338865275,4,RUGSIW
RUGSIW,-19975.589670693113,4,RUGSIW
RUGSIW05,-19974.379324500325,8,RUGSIW
RUGSIW04,-19966.278684147976,8,RUGSIW
RUGSIW03,-19967.93496483437,8,RUGSIW
RUGSIW01,-19971.865740698573,4,RUGSIW
RUGSIW02,-19974.04430397665,4,RUGSIW
SADSIZ,-22245.194778368314,4,SADSIZ
SADSIZ01,-22238.3338938016,4,SADSIZ
SADSIZ02,-22238.75568159729,4,SADSIZ
SADTIC05,-12104.460403379926,2,SADTIC
SADTIC03,-12101.235835121077,4,SADTIC
SADTIC,-12101.536904985374,2,SADTIC
SADTIC09,-12101.094026051112,4,SADTIC
SADTIC07,-12102.65307578785,2,SADTIC
SAGXOP,-23338.721942174587,4,SAGXOP
SAGXOP03,-23336.9180472776,4,SAGXOP
SAGXOP01,-23335.92919277445,4,SAGXOP
SALMID08,-10896.986240028577,4,SALMID
SALMID01,-10900.611373242513,8,SALMID
SALMID07,-10896.43335155065,4,SALMID
SALMID06,-10899.651513446712,8,SALMID
SALOXM09,-10668.157538882737,4,SALOXM
SALOXM,-10675.014312706026,4,SALOXM
SALOXM02,-10671.221306205436,8,SALOXM
SANGUN08,-8219.4235279235,4,SANGUN
SANGUN,-8217.9730997937,4,SANGUN
SANGUN20,-8218.013160848124,4,SANGUN
SATPIO,-17161.9976616618,2,SATPIO
SATPIO02,-17168.392541769448,4,SATPIO
SATPIO01,-17165.157661073194,8,SATPIO
SEDTUQ,-4314.01161157175,8,SEDTUQ
SEDTUQ33,-4309.656497210275,4,SEDTUQ
SEDTUQ06,-4313.6991516532,8,SEDTUQ
SEDTUQ25,-4313.119705859935,16,SEDTUQ
SEDZOQ04,-22797.1550221096,4,SEDZOQ
SEDZOQ05,-22792.24903037942,8,SEDZOQ
SEDZOQ,-22796.051070649948,2,SEDZOQ
SETSAN02,-7650.724339769757,6,SETSAN
SETSAN,-7653.888536881684,6,SETSAN
SETSAN01,-7653.272737369613,12,SETSAN
SEYDIJ02,-5597.79674864556,16,SEYDIJ
SEYDIJ01,-5598.644725460513,4,SEYDIJ
SEYDIJ,-5597.8006454938,16,SEYDIJ
SIHBIV,-11114.5539816835,4,SIHBIV
SIHBIV05,-11114.480523311177,4,SIHBIV
SIHBIV01,-11113.916612266245,8,SIHBIV
SIKLIH04,-18902.253930917457,8,SIKLIH
SIKLIH,-18903.24652566163,8,SIKLIH
SIKLIH02,-18902.51123675364,4,SIKLIH
SILTOW01,-21114.3210510361,2,SILTOW
SILTOW,-21112.753479985375,4,SILTOW
SILTOW11,-21114.771098082227,4,SILTOW
SLFNMA02,-18941.35113082644,8,SLFNMA
SLFNMA06,-18945.723676529837,4,SLFNMA
SLFNMA03,-18944.88800113026,4,SLFNMA
SLFNMA01,-18947.85566082992,8,SLFNMA
SLFNMB02,-17417.689236253547,8,SLFNMB
SLFNMB01,-17412.08201301128,8,SLFNMB
SLFNMB05,-17421.953392517036,4,SLFNMB
SLFNMB06,-17412.4866328691,4,SLFNMB
SOBPEE01,-24414.885023996823,4,SOBPEE
SOBPEE,-24413.447647392975,4,SOBPEE
SOBPEE02,-24412.61275641645,4,SOBPEE
SORFOY01,-20727.669726469376,4,SORFOY
SORFOY02,-20728.086275370773,4,SORFOY
SORFOY,-20724.487053927223,4,SORFOY
SOVBOU17,-20091.9960094493,4,SOVBOU
SOVBOU19,-20090.429087742625,4,SOVBOU
SOVBOU,-20092.803780180813,4,SOVBOU
SOVBOU18,-20091.46093161995,4,SOVBOU
SUCACB07,-4233.0374214952,4,SUCACB
SUCACB02,-4231.672604747112,4,SUCACB
SUCACB19,-4232.290331989281,8,SUCACB
SUCROS01,-25656.640793167728,2,SUCROS
SUCROS24,-25616.197539466175,2,SUCROS
SUCROS23,-25656.8774954764,2,SUCROS
SUTHAZ07,-15672.392094544388,8,SUTHAZ
SUTHAZ04,-15673.6386616886,4,SUTHAZ
SUTHAZ02,-15677.368928817938,8,SUTHAZ
SUTHAZ05,-15671.872071028374,8,SUTHAZ
SUTHAZ,-15675.2576703401,4,SUTHAZ
SUTHAZ11,-15674.599757216038,8,SUTHAZ
SUYNAB,-6954.330477900978,16,SUYNAB
SUYNAB02,-6953.155024242075,16,SUYNAB
SUYNAB03,-6951.496008869266,16,SUYNAB
SUZGIE04,-17658.194353822713,4,SUZGIE
SUZGIE02,-17657.70205310054,4,SUZGIE
SUZGIE,-17655.940857881513,4,SUZGIE
SUZGIE01,-17656.029763502338,4,SUZGIE
TADLIU03,-27991.991802101496,2,TADLIU
TADLIU04,-27990.996678485473,2,TADLIU
TADLIU02,-27987.15719371311,4,TADLIU
TADLIU,-27992.936609272452,2,TADLIU
TAPBIY02,-9676.577089531444,8,TAPBIY
TAPBIY01,-9675.01182700495,8,TAPBIY
TAPBIY,-9674.043457955788,4,TAPBIY
TAPDIA01,-11408.182169295951,16,TAPDIA
TAPDIA,-11409.208055767256,8,TAPDIA
TAPDIA02,-11408.13813697923,8,TAPDIA
TAPSAF02,-19276.109144505575,2,TAPSAF
TAPSAF,-19286.841122813075,8,TAPSAF
TAPSAF01,-19276.050324837448,2,TAPSAF
TBZDTY01,-2076.0766793300904,48,TBZDTY
TBZDTY03,-2075.5943993591063,96,TBZDTY
TBZDTY04,-2076.017755086297,96,TBZDTY
TEGVAF01,-30056.52487679168,4,TEGVAF
TEGVAF02,-30052.097525557972,4,TEGVAF
TEGVAF,-30060.024094909702,2,TEGVAF
TEHNID,-9584.09413054332,8,TEHNID
TEHNID02,-9581.240547953712,8,TEHNID
TEHNID01,-9581.64300437662,8,TEHNID
TEJKUO01,-12232.823384769186,4,TEJKUO
TEJKUO,-12232.802764718625,2,TEJKUO
TEJKUO03,-12232.907926614676,4,TEJKUO
TEMBES06,-3121.325733316911,24,TEMBES
TEMBES01,-3121.6489759970395,24,TEMBES
TEMBES,-3121.3418152357,36,TEMBES
TFMETH03,-2486.1242718180374,4,TFMETH
TFMETH07,-2478.6694287270875,4,TFMETH
TFMETH05,-2480.7229279069497,4,TFMETH
TFMETH06,-2478.9443676794435,8,TFMETH
TFMETH,-2483.8776658706875,4,TFMETH
THBARB02,-8399.213970056991,16,THBARB
THBARB01,-8400.309810927238,4,THBARB
THBARB03,-8397.582374635724,8,THBARB
TITVAU02,-15982.963620976225,8,TITVAU
TITVAU,-15982.855261567274,4,TITVAU
TITVAU01,-15978.268361169694,8,TITVAU
TNBENZ12,-3967.4491689100873,24,TNBENZ
TNBENZ10,-3967.584788909523,48,TNBENZ
TNBENZ13,-3968.590352483963,12,TNBENZ
TOKSAO,-8569.344964519956,8,TOKSAO
TOKSAO01,-8567.6701304917,8,TOKSAO
TOKSAO03,-8568.713207876363,4,TOKSAO
TOLUEN04,-9035.910159547251,6,TOLUEN
TOLUEN11,-9035.73848764615,8,TOLUEN
TOLUEN,-9039.617844121123,8,TOLUEN
TOZSOT01,-22003.152861950686,4,TOZSOT
TOZSOT,-22002.42609351244,4,TOZSOT
TOZSOT02,-22004.1673132007,4,TOZSOT
TOZTIN07,-10585.391817255888,16,TOZTIN
TOZTIN06,-10586.088651705311,8,TOZTIN
TOZTIN,-10589.29376894998,8,TOZTIN
TPEPHO08,-22442.576496137463,8,TPEPHO
TPEPHO02,-22441.915877815212,4,TPEPHO
TPEPHO,-22445.170288522742,8,TPEPHO
TPEPHO07,-22442.66171313674,4,TPEPHO
TPEPHO12,-22451.60020076601,4,TPEPHO
TUVXAL,-20433.79794782076,4,TUVXAL
TUVXAL06,-20421.3768343577,8,TUVXAL
TUVXAL02,-20430.31853566111,4,TUVXAL
UCAYED01,-8093.8749683950755,4,UCAYED
UCAYED,-8086.358459489308,12,UCAYED
UCAYED02,-8093.743467058875,12,UCAYED
UCECAG,-11528.70130932128,8,UCECAG
UCECAG03,-11529.248592623737,4,UCECAG
UCECAG02,-11527.7389509258,2,UCECAG
UHULEQ,-30131.698376125176,4,UHULEQ
UHULEQ01,-30134.851342865528,4,UHULEQ
UHULEQ02,-30133.16674636436,4,UHULEQ
UJAGIX03,-15967.950343915289,4,UJAGIX
UJAGIX01,-15966.445090837577,4,UJAGIX
UJAGIX02,-15967.713893673674,4,UJAGIX
UJEZIU01,-21694.353875444176,4,UJEZIU
UJEZIU03,-21699.178016777943,8,UJEZIU
UJEZIU,-21688.59988754174,4,UJEZIU
UJEZIU02,-21691.971768857373,4,UJEZIU
UJIRIO,-17784.35752231871,4,UJIRIO
UJIRIO05,-17781.4448464054,8,UJIRIO
UJIRIO02,-17781.818362514376,8,UJIRIO
UKEMEE01,-25949.237852118014,3,UKEMEE
UKEMEE,-25952.499883974688,4,UKEMEE
UKEMEE02,-25950.077521835785,3,UKEMEE
ULALUO02,-5014.141410169174,2,ULALUO
ULALUO01,-5013.4823100384,4,ULALUO
ULALUO,-5014.0248365097505,2,ULALUO
ULAWAF01,-12372.014080983565,8,ULAWAF
ULAWAF,-12371.52379125,8,ULAWAF
ULAWAF02,-12375.559420620077,2,ULAWAF
UMAXUD,-24992.071110581797,4,UMAXUD
UMAXUD01,-24991.535712663463,4,UMAXUD
UMAXUD02,-24990.139800005934,4,UMAXUD
UNOGIN,-25685.97674480632,4,UNOGIN
UNOGIN02,-25685.787670629416,4,UNOGIN
UNOGIN06,-25687.4706505244,4,UNOGIN
URAQEK,-17336.34369687991,4,URAQEK
URAQEK03,-17329.758061344226,2,URAQEK
URAQEK01,-17333.327073093064,4,URAQEK
UREAXX27,-4744.655570268337,4,UREAXX
UREAXX,-4716.4149368528,2,UREAXX
UREAXX26,-4740.842380553025,2,UREAXX
UTIXAX01,-3507.040539538025,8,UTIXAX
UTIXAX02,-3506.1867672912435,8,UTIXAX
UTIXAX,-3505.7773714259247,8,UTIXAX
UTIXAX03,-3506.255756960794,8,UTIXAX
UWUCEX01,-19367.6437948821,2,UWUCEX
UWUCEX02,-19373.2713789921,8,UWUCEX
UWUCEX,-19368.012043633713,4,UWUCEX
UWUKAZ04,-12767.438835566423,4,UWUKAZ
UWUKAZ01,-12774.093328949031,8,UWUKAZ
UWUKAZ,-12771.835575969026,4,UWUKAZ
UWUKAZ06,-12770.826526069915,8,UWUKAZ
UWUKAZ02,-12779.350283178224,8,UWUKAZ
UWUKAZ03,-12769.284194530344,8,UWUKAZ
VACTAU01,-20560.994668702224,4,VACTAU
VACTAU04,-20559.163659590537,4,VACTAU
VACTAU02,-20565.444616964134,8,VACTAU
VARYES02,-2381.956981581229,12,VARYES
VARYES01,-2382.9499266463586,12,VARYES
VARYES,-2382.7537471532373,12,VARYES
VEGMAV06,-22385.33836550815,4,VEGMAV
VEGMAV,-22391.037398449134,4,VEGMAV
VEGMAV03,-22389.33915197381,4,VEGMAV
VEXMOA02,-16179.592519718944,8,VEXMOA
VEXMOA01,-16235.628161049624,4,VEXMOA
VEXMOA,-16238.8503890648,8,VEXMOA
VIMPAJ01,-12235.979638150457,8,VIMPAJ
VIMPAJ03,-12235.015615026909,8,VIMPAJ
VIMPAJ05,-12240.060146553433,8,VIMPAJ
VIPKIO,-4223.820263235587,4,VIPKIO
VIPKIO03,-4218.296324036225,8,VIPKIO
VIPKIO02,-4218.808548428475,4,VIPKIO
VIPKIO04,-4219.895438686787,4,VIPKIO
VIPKIO05,-4221.479390478387,4,VIPKIO
VIRVOH04,-21078.412051294912,4,VIRVOH
VIRVOH03,-21077.77919339565,2,VIRVOH
VIRVOH,-21082.246991864988,4,VIRVOH
VITDEL01,-13155.052308794362,4,VITDEL
VITDEL,-13156.049293364826,4,VITDEL
VITDEL02,-13157.196126617877,2,VITDEL
VOCNOU01,-13212.216633464135,4,VOCNOU
VOCNOU02,-13208.090256936406,8,VOCNOU
VOCNOU,-13209.08806476513,8,VOCNOU
VOCNOU03,-13210.678702484804,8,VOCNOU
VOCWAO06,-20204.8655846382,4,VOCWAO
VOCWAO,-20217.533067965724,4,VOCWAO
VOCWAO02,-20220.902830470764,4,VOCWAO
VUSDIX06,-30045.848049310174,2,VUSDIX
VUSDIX03,-30044.752130709203,2,VUSDIX
VUSDIX01,-30052.380595904317,4,VUSDIX
VUSDIX04,-30049.623970488177,4,VUSDIX
VUSDIX,-30054.083400813463,4,VUSDIX
WACHEP02,-16691.987451980385,4,WACHEP
WACHEP,-16691.7445280777,4,WACHEP
WACHEP03,-16691.965015358488,4,WACHEP
WAJXEL,-10075.637908716924,4,WAJXEL
WAJXEL01,-10073.2033427532,2,WAJXEL
WAJXEL02,-10070.927212637063,4,WAJXEL
WAMFAS,-18875.28446265264,8,WAMFAS
WAMFAS04,-18879.676987143164,4,WAMFAS
WAMFAS01,-18874.059807854956,8,WAMFAS
WAMFAS02,-18875.307303064263,4,WAMFAS
WERVEU02,-6486.719419665556,8,WERVEU
WERVEU01,-6488.659263012999,4,WERVEU
WERVEU,-6486.279703388987,8,WERVEU
WIRMOZ,-18231.262193223632,8,WIRMOZ
WIRMOZ01,-18229.293123725445,8,WIRMOZ
WIRMOZ02,-18229.347571417005,8,WIRMOZ
WISNAN04,-21467.4312019448,2,WISNAN
WISNAN,-21467.54303674345,2,WISNAN
WISNAN05,-21477.587907254372,2,WISNAN
WIVDUA02,-11959.750340390336,4,WIVDUA
WIVDUA,-11959.84289869205,4,WIVDUA
WIVDUA03,-11960.539471667124,4,WIVDUA
WOTJOE05,-16219.229848004808,6,WOTJOE
WOTJOE02,-16220.35151624117,8,WOTJOE
WOTJOE,-16216.164027079289,4,WOTJOE
WOTJOE03,-16218.298818972262,4,WOTJOE
XAFPAY01,-27247.639743999076,2,XAFPAY
XAFPAY03,-27235.266002982524,4,XAFPAY
XAFPAY,-27235.84720932552,4,XAFPAY
XAFPAY02,-27238.81462527995,4,XAFPAY
XAFPAY04,-27236.822737320475,4,XAFPAY
XAMFEA01,-21410.41722068445,2,XAMFEA
XAMFEA02,-21405.665983296076,4,XAMFEA
XAMFEA,-21412.620102283137,4,XAMFEA
XAWBOQ,-20818.905689678675,4,XAWBOQ
XAWBOQ03,-20820.579871830152,4,XAWBOQ
XAWBOQ02,-20821.93287061301,4,XAWBOQ
XAWBOQ01,-20812.375895801582,4,XAWBOQ
XEBZIQ02,-24084.8155620046,4,XEBZIQ
XEBZIQ01,-24085.226271633797,2,XEBZIQ
XEBZIQ,-24084.301361478945,8,XEBZIQ
XILPUD,-11165.10047630582,8,XILPUD
XILPUD02,-11165.551661513126,8,XILPUD
XILPUD01,-11165.892344982662,4,XILPUD
XIVLOD,-56547.631826406374,2,XIVLOD
XIVLOD02,-56544.72173556742,2,XIVLOD
XIVLOD01,-56547.27653197207,2,XIVLOD
XOHYIE01,-16869.152866458637,8,XOHYIE
XOHYIE,-16875.47839266586,4,XOHYIE
XOHYIE02,-16867.900671344378,4,XOHYIE
XOJXOL02,-9830.74665227575,12,XOJXOL
XOJXOL,-9830.153008855445,12,XOJXOL
XOJXOL06,-9833.6689909206,4,XOJXOL
XULBAL,-20830.527442766463,4,XULBAL
XULBAL01,-20834.373110056415,4,XULBAL
XULBAL02,-20832.466320057843,8,XULBAL
XUQSAD09,-27175.558641017476,2,XUQSAD
XUQSAD23,-27177.69012347495,2,XUQSAD
XUQSAD06,-27174.279496436648,2,XUQSAD
XUVLIK03,-19083.679121843223,4,XUVLIK
XUVLIK,-19081.638042453775,8,XUVLIK
XUVLIK01,-19085.55763353557,8,XUVLIK
XYANAC07,-20815.210283785906,2,XYANAC
XYANAC03,-20809.47306280555,2,XYANAC
XYANAC,-20812.552650773698,2,XYANAC
YAQNAG02,-25649.74027545756,4,YAQNAG
YAQNAG01,-25649.247412227836,4,YAQNAG
YAQNAG,-25649.594087898306,4,YAQNAG
YEJLII,-9925.817940789062,8,YEJLII
YEJLII01,-9924.93842188185,2,YEJLII
YEJLII02,-9925.959338109287,8,YEJLII
YERRUI01,-11886.862590968689,2,YERRUI
YERRUI02,-11866.884941395589,8,YERRUI
YERRUI,-11953.216702189033,8,YERRUI
YESBUW,-26176.590866486713,4,YESBUW
YESBUW01,-26178.628222278796,4,YESBUW
YESBUW03,-26175.27979622545,2,YESBUW
YEWYAD,-18028.12209326333,4,YEWYAD
YEWYAD01,-18025.430673736857,8,YEWYAD
YEWYAD02,-18021.8300936639,8,YEWYAD
YILLAG03,-2283.024859220413,12,YILLAG
YILLAG,-2283.2549461154667,12,YILLAG
YILLAG02,-2283.9373159759143,24,YILLAG
YIPMOC02,-19390.0654056458,4,YIPMOC
YIPMOC,-19383.231854797163,4,YIPMOC
YIPMOC01,-19387.637601592087,4,YIPMOC
YIQXUU01,-29868.39705249861,4,YIQXUU
YIQXUU,-29862.45291919455,2,YIQXUU
YIQXUU02,-29867.65599945611,4,YIQXUU
YIVRIF01,-35143.5259187238,4,YIVRIF
YIVRIF02,-35145.62324500885,2,YIVRIF
YIVRIF,-35146.487613358935,4,YIVRIF
YOZZAQ,-9086.2087674403,1,YOZZAQ
YOZZAQ02,-9086.581021284264,4,YOZZAQ
YOZZAQ01,-9085.6427516957,2,YOZZAQ
YUBWAV,-17659.269970532412,4,YUBWAV
YUBWAV02,-17657.490869265268,8,YUBWAV
YUBWAV01,-17658.162294992977,4,YUBWAV
YUCCIJ01,-21164.12395952285,2,YUCCIJ
YUCCIJ03,-21164.8345204108,2,YUCCIJ
YUCCIJ,-21168.39382215045,2,YUCCIJ
YUGWOP01,-13097.789378866712,4,YUGWOP
YUGWOP02,-13103.890618696274,4,YUGWOP
YUGWOP03,-13103.495211346864,4,YUGWOP
YUGWOP,-13095.57348964275,8,YUGWOP
ZECZIQ02,-20521.58641659084,8,ZECZIQ
ZECZIQ,-20526.6768467555,4,ZECZIQ
ZECZIQ01,-20528.601350314613,4,ZECZIQ
ZEHZEU,-16287.706469743487,4,ZEHZEU
ZEHZEU02,-16287.309316658808,12,ZEHZEU
ZEHZEU03,-16284.147608457864,4,ZEHZEU
ZEMJOQ02,-33706.117689020495,2,ZEMJOQ
ZEMJOQ01,-33702.17309758975,2,ZEMJOQ
ZEMJOQ,-33703.638041887796,4,ZEMJOQ
ZEXREZ02,-10795.791128889025,4,ZEXREZ
ZEXREZ,-10792.973557878391,8,ZEXREZ
ZEXREZ01,-10792.882968413409,16,ZEXREZ
ZIPKOA01,-21461.02803256959,4,ZIPKOA
ZIPKOA02,-21465.520836091524,8,ZIPKOA
ZIPKOA,-21457.95260527585,4,ZIPKOA
ZOGQAN01,-24554.61795192087,8,ZOGQAN
ZOGQAN,-24548.021207584712,4,ZOGQAN
ZOGQAN05,-24548.591199476163,4,ZOGQAN
ZOYLII05,-11082.288718067282,8,ZOYLII
ZOYLII01,-11078.984396473292,6,ZOYLII
ZOYLII19,-11083.677800189838,4,ZOYLII
ZOYLII13,-11079.493338365435,4,ZOYLII
ZOYLII18,-11081.028051449412,4,ZOYLII
ZOYLII03,-11081.683529653894,8,ZOYLII
ZOYLII16,-11082.478119690162,4,ZOYLII
ZOYLII17,-11082.173776331025,4,ZOYLII
ZOYMOP03,-28150.728331442388,4,ZOYMOP
ZOYMOP08,-28156.791542432835,4,ZOYMOP
ZOYMOP04,-28150.1760978564,2,ZOYMOP
ZULGEU03,-29863.435450070796,2,ZULGEU
ZULGEU04,-29874.312327380387,4,ZULGEU
ZULGEU,-29873.382496852348,2,ZULGEU
ZULGEU05,-29862.5605009344,4,ZULGEU
ZULGEU01,-29868.78275972855,4,ZULGEU
ZZZMRW02,-19546.93261119907,4,ZZZMRW
ZZZMRW01,-19546.925966759547,4,ZZZMRW
ZZZMRW03,-19543.13573902696,4,ZZZMRW
ZZZNQS04,-15965.43847549623,8,ZZZNQS
ZZZNQS06,-15965.637564092503,8,ZZZNQS
ZZZNQS08,-15967.405750815642,6,ZZZNQS
ZZZNQS09,-15967.11264385839,6,ZZZNQS
ZZZNQS03,-15972.848584161176,2,ZZZNQS
ZZZPUS06,-21104.8016595443,4,ZZZPUS
ZZZPUS01,-21105.189643579022,4,ZZZPUS
ZZZPUS21,-21105.52747700227,8,ZZZPUS
ZZZPUS10,-21105.79419145262,8,ZZZPUS
ZZZWGK03,-9562.229948359218,8,ZZZWGK
ZZZWGK01,-9562.738067194112,4,ZZZWGK
ZZZWGK04,-9565.827479264964,4,ZZZWGK
